8.97,2 mouse trap,Rube
3.14,threaded rod,Rube
3.26,3/4in pex pipe,Rube
2.81,1/2in pex pipe,Rube
7.19,plastic model boat,Rube
7.99,locktight glue,Rube
3.49,teachers pointing hand,Rube
2.99,animal latex balloons,Rube
2.99,24CT paper straws,Rube
4.99,50CT silver balloons,Rube
39.99,Kinect Xbox One S Adapter,Robotics
46.05,Xbox One Kinect,Robotics
29.8,parts bin7 parts bin9 storage bin7 dewalt containter,Robotics
49,Husky 50 Gallon Mobile Box,Robotics
13.96,OMNIHIL 5 volt power supply,Robotics
43.08,Table runner,Robotics
16.47,3 1/4 in hexbolts 4 1/4 in washers15 pc 1/2 in screws 3 to 4 in flush pvc blushing 4in flange and dowel rod,Rube
34.99,Wire Crimpers,Robotics
8.9,hex nuts 5mm lock nuts 5mm,Robotics
27.76,8 3in to 4in flanges,Rube
8.94,paracord,EO
13.79,7 clothes line seperator,EO
112,cim motor x4,Robotics
200,power distribution panel,Robotics
64.99,single reduction gearbox,Robotics